sample;Wildtype;L925I;M918L
k1_3;0;0;1
k1_1;1;0;0
k1_2;1;0;0
k1_5;1;0;0
k10_1;1;0;0
k10_2;1;0;0
k10_3;1;0;0
k10_4;1;0;0
k10_5;1;0;0
k11_1;1;0;0
k11_2;1;0;0
k11_3;1;0;0
k11_4;1;0;0
k11_5;0.5;0;0.5
k12_1;1;0;0
k12_2;1;0;0
k12_3;1;0;0
k12_4;0;1;0
k12_5;1;0;0
k13_1;1;0;0
k13_2;0.5;0.25;0.25
k13_3;0.5;0;0.5
k13_4;1;0;0
k13_5;1;0;0
k14_1;1;0;0
k14_2;1;0;0
k14_3;1;0;0
k14_4;1;0;0
k15_1;1;0;0
k15_2;1;0;0
k15_3;0;1;0
k15_4;1;0;0
k15_5;1;0;0
k16_1;1;0;0
k16_2;1;0;0
k16_3;1;0;0
k16_4;1;0;0
k16_5;0.5;0.5;0
k17_1;1;0;0
k17_2;1;0;0
k17_3;1;0;0
k17_4;1;0;0
k17_5;1;0;0
k18_1;1;0;0
k18_2;1;0;0
k18_3;1;0;0
k18_4;1;0;0
k18_5;1;0;0
k19_1;1;0;0
k19_2;0.5;0;0.5
k19_3;1;0;0
k19_4;0.5;0;0.5
k19_5;1;0;0
k2_1;1;0;0
k2_2;0.5;0.5;0
k2_4;0.5;0;0.5
k2_5;1;0;0
k20_1;1;0;0
k20_2;1;0;0
k20_3;1;0;0
k20_4;1;0;0
k20_5;1;0;0
k3_1;0;1;0
k3_3;1;0;0
k3_5;1;0;0
k4_1;1;0;0
k4_2;1;0;0
k4_3;1;0;0
k4_4;1;0;0
k4_5;1;0;0
k5_1;0;0;1
k5_2;0;1;0
k5_3;1;0;0
k5_4;1;0;0
k5_5;0.5;0.5;0
k6_1;1;0;0
k6_2;0.5;0;0.5
k6_3;1;0;0
k6_4;1;0;0
k6_5;1;0;0
k7_1;1;0;0
k7_2;1;0;0
k7_3;1;0;0
k7_4;0;1;0
k7_5;1;0;0
k8_1;1;0;0
k8_2;1;0;0
k8_3;1;0;0
k8_4;1;0;0
k8_5;1;0;0
k9_1;0.5;0.5;0
k9_2;1;0;0
k9_3;1;0;0
k9_4;1;0;0
k9_5;1;0;0
l10;16078;0;0
l11;5310;0;0
l12;7840;0;0
l13;44934;0;0
l14;11385;0;0
l15;33520;174;0
l16;5891;0;0
l17;14971;0;0
l18;21457;0;0
l19;25419;0;2396
l1;22307;0;7990
l2;12641;524;0
l4;16317;0;0
l6;1988;0;0
l7;5260;1603;0
