sample;M918L;Wildtype
P10;6529;2402
P12;3663;4639
P13;7323;3372
P14;35892;102
P18;1536;2005
P20;4894;5119
P22;5625;7406
P25;7109;6728
P28;2072;12458
P32;4398;7387
P34;4822;2785
P37;3268;7281
P39;2056;38636
P40;3055;7290
P46;8102;2510
P47;3246;531
P51;4391;0
P54;32560;285
P55;25395;0
P56;17801;18397
P58;12089;1402
P59;13485;450
P8;3908;2968
U26;0;35311
E10;1;0
E12;0;1
E13;0;1
E14;1;0
E15;1;0
E17;5;5
E18;1;0
E19;1;0
E20;1;0
E21;0;1
E22;0;1
E23;1;0
E24;1;0
E25;1;0
E26;1;0
E27;1;0
E29;1;0
E2;1;0
E30;1;0
E31;1;0
E32;5;5
E33;1;0
E34;1;0
E35;0;1
E36;1;0
E37;1;0
E39;5;5
E3;0;1
E41;1;0
E42;1;0
E43;1;0
E44;0;1
E45;1;0
E46;1;0
E47;1;0
E48;1;0
E51;1;0
E53;1;0
E54;1;0
E56;5;5
E57;1;0
E58;1;0
E59;1;0
E5;1;0
E60;0;1
E6;0;1
E7;5;5
E8;1;0
E9;5;5
LOE;1;0
POM;1;0
